epoch,grad_norm,lr,time_s,timestamp,train_conv,train_loss,val_conv,val_loss
1,0.0,5.5e-05,176.76128554344177,1790536138.1475394,0.91645,0.09828870514333247,0.923828125,0.09390425554738613
2,0.16476348246525874,0.0001,170.0911455154419,1790536308.2566018,0.91005,0.07369366665752022,0.8994140625,0.06478985955618555
3,0.028501541721043116,9.85470908713026e-05,168.36976742744446,1790536476.6459088,0.8996,0.058595409810729325,0.8984375,0.06279215397080407
4,0.21246279609060192,9.42728012826605e-05,167.26288080215454,1790536643.9280605,0.89975,0.05296905747838318,0.89453125,0.05716973997914465
5,0.03397519983964181,8.742553740855506e-05,170.53838753700256,1790536814.4923205,0.89545,0.05465250894464584,0.900390625,0.061365695830318145
6,0.8961530717226628,7.84032373365578e-05,168.54943585395813,1790536983.0433698,0.8936,0.052865267578698694,0.892578125,0.059105003136210144
7,0.04183631995315741,6.773024435212678e-05,169.9950499534607,1790537153.039368,0.8937,0.05121851666215807,0.8935546875,0.05860567809577333
8,0.07886650775416326,5.6026834012766145e-05,168.09995555877686,1790537321.1413853,0.88675,0.04957017069677822,0.8916015625,0.05562545399152441
9,0.13027702911765907,4.397316598723385e-05,168.87812542915344,1790537490.0402064,0.8854,0.047292999495286495,0.8837890625,0.05602073135378305
10,0.6651315905287513,3.2269755647873225e-05,169.5562903881073,1790537659.598332,0.8797,0.047404131561890245,0.8857421875,0.054717983774025925
11,1.2433022031772383,2.1596762663442214e-05,164.67266821861267,1790537824.2915592,0.88235,0.04376026192568243,0.8857421875,0.05471405865682755
12,1.4074480650032561,1.2574462591444939e-05,165.45632553100586,1790537989.766899,0.8818,0.0464917247692123,0.8818359375,0.05263869120244635
